Field,Username,Followers,Post Count,Post URL,Likes,Hashtags,Location
Sports,championsleague,115161718,24008,https://www.instagram.com/p/C6vnJXEo6TN/,841345,"uclfinal, ucl",
Sports,championsleague,115161718,24008,https://www.instagram.com/p/C6uM4J_o5lL/,2037586,uclfinal,
Sports,championsleague,115161718,24008,https://www.instagram.com/p/C7E6JmfuuhA/,609424,ucl,
Sports,championsleague,115161718,24008,https://www.instagram.com/p/C7Ex7lAI09l/,94891,uclshowtime,
Sports,championsleague,115161718,24008,https://www.instagram.com/p/C7EoXoHI2RQ/,989306,"ucl, cristiano, ronaldo, cr7, cristianoronaldo",
Sports,championsleague,115161718,24008,https://www.instagram.com/p/C7EXNmDMYwh/,549065,ucl,
Sports,championsleague,115161718,24008,https://www.instagram.com/p/C7EQbsNNB0K/,515147,ucl,
Sports,championsleague,115161718,24008,https://www.instagram.com/p/C7EFVQ-NKbM/,264084,uecl,
Sports,championsleague,115161718,24008,https://www.instagram.com/p/C7ECKwVICz-/,292791,ucl,
Sports,championsleague,115161718,24008,https://www.instagram.com/p/C7CUBVFIYFm/,182679,"uclfinal, uclassists",
Sports,championsleague,115161718,24008,https://www.instagram.com/p/C7CKBExIAV4/,257687,"ucl, skills, baller",
Sports,championsleague,115161718,24008,https://www.instagram.com/p/C7B76q4pQ-S/,423285,uclfball,
Sports,championsleague,115161718,24008,https://www.instagram.com/p/C7B1Q8vrMGa/,1678077,ucl,
Sports,championsleague,115161718,24008,https://www.instagram.com/p/C7BsDFsIfJA/,79324,"uclfinal, pepsikickoffshow",
Sports,championsleague,115161718,24008,https://www.instagram.com/p/C7Bi6ePswwQ/,352883,ucl,
Sports,championsleague,115161718,24008,https://www.instagram.com/p/C7BZleVq-eh/,614080,ucl,
Sports,championsleague,115161718,24008,https://www.instagram.com/p/C6_r4IyPD_M/,145708,uclsaves,
Sports,championsleague,115161718,24008,https://www.instagram.com/p/C6_lStSN9kO/,63797,"echampionsleague, fcpro",
Sports,championsleague,115161718,24008,https://www.instagram.com/p/C6_eItZINYM/,215990,"ucl, vinijr, vini",
Sports,championsleague,115161718,24008,https://www.instagram.com/p/C6_XWpoIfKS/,130681,"ps5, uclps5tutorial",
Movies,tomholland2013,65655622,1258,https://www.instagram.com/p/C7CTAd3N18p/,1011641,,
Movies,tomholland2013,65655622,1258,https://www.instagram.com/p/C67Uk4qqdPj/,2105371,,
Movies,tomholland2013,65655622,1258,https://www.instagram.com/p/C66yN-ANSC_/,2672897,,
Movies,tomholland2013,65655622,1258,https://www.instagram.com/p/C6qjI_MN0_d/,11298790,,
Movies,tomholland2013,65655622,1258,https://www.instagram.com/p/C6RUDAsNRHa/,3937511,,
Movies,tomholland2013,65655622,1258,https://www.instagram.com/p/C6Bly7btynW/,3325350,,
Movies,tomholland2013,65655622,1258,https://www.instagram.com/p/C4q00T7SkwS/,1055815,,
Movies,tomholland2013,65655622,1258,https://www.instagram.com/p/C3bRC6Btus3/,2357079,spidermanhomecoming,
Movies,tomholland2013,65655622,1258,https://www.instagram.com/p/C3APDxbt3ov/,3332181,,
Movies,tomholland2013,65655622,1258,https://www.instagram.com/p/C2Yf5kZpum5/,1781804,thecrowdedroom,
Movies,tomholland2013,65655622,1258,https://www.instagram.com/p/C2JjjnLLL4J/,4552339,,
Movies,tomholland2013,65655622,1258,https://www.instagram.com/p/CzzAEfVJ5mz/,1544634,"brotherstrust, shinealight, brotherstrustquiz, givingtuesday, tomholland, poshpubquiz, givingforgood",
Movies,tomholland2013,65655622,1258,https://www.instagram.com/p/Cy8iMlAr4KU/,903625,,
Movies,tomholland2013,65655622,1258,https://www.instagram.com/p/CyigX20uiO5/,5354697,,
Movies,tomholland2013,65655622,1258,https://www.instagram.com/p/CyBsj-eqRof/,6133677,,
Movies,tomholland2013,65655622,1258,https://www.instagram.com/p/CxQfNT_qd-9/,2924570,,
Movies,tomholland2013,65655622,1258,https://www.instagram.com/p/Cwn5Y2jtoNm/,2938524,,
Movies,tomholland2013,65655622,1258,https://www.instagram.com/p/CwY-29LqAs7/,2510429,"hoopbus, projectbackboard, oaklandish",
Movies,tomholland2013,65655622,1258,https://www.instagram.com/p/CwAUw2dtSrN/,3173642,,
Movies,tomholland2013,65655622,1258,https://www.instagram.com/p/Cubz95INdGA/,6956470,,
Comedy,akaashsingh,667140,1237,https://www.instagram.com/p/C4Y8P5ngGQN/,12924,,
Comedy,akaashsingh,667140,1237,https://www.instagram.com/p/C3YX6FcA0Gw/,3515,,
Comedy,akaashsingh,667140,1237,https://www.instagram.com/p/C7FA_vyg8U5/,547,,
Comedy,akaashsingh,667140,1237,https://www.instagram.com/p/C6-A7uvgEBd/,301,"akaash, gaslight, comedypodcast, comedy, thesolidshow",
Comedy,akaashsingh,667140,1237,https://www.instagram.com/p/C68_HWrgdTk/,6028,,
Comedy,akaashsingh,667140,1237,https://www.instagram.com/p/C62MjaqxGqg/,29965,,
Comedy,akaashsingh,667140,1237,https://www.instagram.com/p/C6qjtMQLa9M/,9231,,
Comedy,akaashsingh,667140,1237,https://www.instagram.com/p/C6cCThNBsbl/,2694,,
Comedy,akaashsingh,667140,1237,https://www.instagram.com/p/C6UK099JOQt/,14787,,
Comedy,akaashsingh,667140,1237,https://www.instagram.com/p/C6RHamLr8Zm/,4734,,
Comedy,akaashsingh,667140,1237,https://www.instagram.com/p/C6PMbYuA5H4/,4223,,
Comedy,akaashsingh,667140,1237,https://www.instagram.com/p/C6O30AEvbB6/,32270,,
Comedy,akaashsingh,667140,1237,https://www.instagram.com/p/C6MtCZwxz2T/,1166,,
Comedy,akaashsingh,667140,1237,https://www.instagram.com/p/C6KFNRlIoXW/,1982,,
Comedy,akaashsingh,667140,1237,https://www.instagram.com/p/C6HRNL0skrw/,70531,,
Comedy,akaashsingh,667140,1237,https://www.instagram.com/p/C6HNuwwA3er/,24383,,
Comedy,akaashsingh,667140,1237,https://www.instagram.com/p/C6G8EOpIbXT/,1168,,
Comedy,akaashsingh,667140,1237,https://www.instagram.com/p/C6FT-3MRyIf/,31525,,
Comedy,akaashsingh,667140,1237,https://www.instagram.com/p/C6Ekup2NnRp/,7783,,
Comedy,akaashsingh,667140,1237,https://www.instagram.com/p/C6D3ZWmoapG/,1374,,
