Field,Username,Followers,Post URL
Sports,championsleague,115164541,https://www.instagram.com/p/C7ZwRiHP6cq/
Sports,championsleague,115164541,https://www.instagram.com/p/C6uM4J_o5lL/
Sports,championsleague,115164541,https://www.instagram.com/p/C7b0bTUtDYT/
Sports,championsleague,115164541,https://www.instagram.com/p/C7bX7dasain/
Sports,championsleague,115164541,https://www.instagram.com/p/C7ZrDgkN_VM/
Sports,championsleague,115164541,https://www.instagram.com/p/C7ZoGK6oxgz/
Sports,championsleague,115164541,https://www.instagram.com/p/C7ZKxrLIbfN/
Sports,championsleague,115164541,https://www.instagram.com/p/C7Y5Vh0PtdV/
Sports,championsleague,115164541,https://www.instagram.com/p/C7YvnAaMuvR/
Sports,championsleague,115164541,https://www.instagram.com/p/C7W8AQsI49g/
Sports,championsleague,115164541,https://www.instagram.com/p/C7WwCJuNeWb/
Sports,championsleague,115164541,https://www.instagram.com/p/C7Wujf4OEa0/
Sports,championsleague,115164541,https://www.instagram.com/p/C7WiGZrNNPE/
Sports,championsleague,115164541,https://www.instagram.com/p/C7WWvr_ojWT/
Sports,championsleague,115164541,https://www.instagram.com/p/C7WFUywMpFp/
Sports,championsleague,115164541,https://www.instagram.com/p/C7UTwd9vVM-/
Sports,championsleague,115164541,https://www.instagram.com/p/C7UNT8LIb_L/
Sports,championsleague,115164541,https://www.instagram.com/p/C7UECEdIMbu/
Sports,championsleague,115164541,https://www.instagram.com/p/C7T7RIJI7HK/
Sports,championsleague,115164541,https://www.instagram.com/p/C7TyEP6obXu/
Movies,tomholland2013,65687556,https://www.instagram.com/p/C7CTAd3N18p/
Movies,tomholland2013,65687556,https://www.instagram.com/p/C67Uk4qqdPj/
Movies,tomholland2013,65687556,https://www.instagram.com/p/C66yN-ANSC_/
Movies,tomholland2013,65687556,https://www.instagram.com/p/C6qjI_MN0_d/
Movies,tomholland2013,65687556,https://www.instagram.com/p/C6RUDAsNRHa/
Movies,tomholland2013,65687556,https://www.instagram.com/p/C6Bly7btynW/
Movies,tomholland2013,65687556,https://www.instagram.com/p/C4q00T7SkwS/
Movies,tomholland2013,65687556,https://www.instagram.com/p/C3bRC6Btus3/
Movies,tomholland2013,65687556,https://www.instagram.com/p/C3APDxbt3ov/
Movies,tomholland2013,65687556,https://www.instagram.com/p/C2Yf5kZpum5/
Movies,tomholland2013,65687556,https://www.instagram.com/p/C2JjjnLLL4J/
Movies,tomholland2013,65687556,https://www.instagram.com/p/CzzAEfVJ5mz/
Movies,tomholland2013,65687556,https://www.instagram.com/p/Cy8iMlAr4KU/
Movies,tomholland2013,65687556,https://www.instagram.com/p/CyigX20uiO5/
Movies,tomholland2013,65687556,https://www.instagram.com/p/CyBsj-eqRof/
Movies,tomholland2013,65687556,https://www.instagram.com/p/CxQfNT_qd-9/
Movies,tomholland2013,65687556,https://www.instagram.com/p/Cwn5Y2jtoNm/
Movies,tomholland2013,65687556,https://www.instagram.com/p/CwY-29LqAs7/
Movies,tomholland2013,65687556,https://www.instagram.com/p/CwAUw2dtSrN/
Movies,tomholland2013,65687556,https://www.instagram.com/p/Cubz95INdGA/
Comedy,akaashsingh,675614,https://www.instagram.com/p/C4Y8P5ngGQN/
Comedy,akaashsingh,675614,https://www.instagram.com/p/C3YX6FcA0Gw/
Comedy,akaashsingh,675614,https://www.instagram.com/p/C7UrRAUhltH/
Comedy,akaashsingh,675614,https://www.instagram.com/p/C7R6SX1ho5w/
Comedy,akaashsingh,675614,https://www.instagram.com/p/C7NDI4YgHB2/
Comedy,akaashsingh,675614,https://www.instagram.com/p/C7FA_vyg8U5/
Comedy,akaashsingh,675614,https://www.instagram.com/p/C6-A7uvgEBd/
Comedy,akaashsingh,675614,https://www.instagram.com/p/C68_HWrgdTk/
Comedy,akaashsingh,675614,https://www.instagram.com/p/C62MjaqxGqg/
Comedy,akaashsingh,675614,https://www.instagram.com/p/C6qjtMQLa9M/
Comedy,akaashsingh,675614,https://www.instagram.com/p/C6cCThNBsbl/
Comedy,akaashsingh,675614,https://www.instagram.com/p/C6UK099JOQt/
Comedy,akaashsingh,675614,https://www.instagram.com/p/C6RHamLr8Zm/
Comedy,akaashsingh,675614,https://www.instagram.com/p/C6PMbYuA5H4/
Comedy,akaashsingh,675614,https://www.instagram.com/p/C6O30AEvbB6/
Comedy,akaashsingh,675614,https://www.instagram.com/p/C6MtCZwxz2T/
Comedy,akaashsingh,675614,https://www.instagram.com/p/C6KFNRlIoXW/
Comedy,akaashsingh,675614,https://www.instagram.com/p/C6HRNL0skrw/
Comedy,akaashsingh,675614,https://www.instagram.com/p/C6HNuwwA3er/
Comedy,akaashsingh,675614,https://www.instagram.com/p/C6G8EOpIbXT/
